{
    "Q1": 1.0,
    "Q2": 0.6666666666666667,
    "Q3": 0.6666666666666666
}